FCID,Lane,SampleID,SampleRef,Index,Description,Control,Recipe,Operator
65OMYAAXX,1,Col15,2pM,ATCACG,DNA,TRUE,PE-F,JG
65OMYAAXX,1,7978,1pM,CGATGT,DNA,TRUE,PE-F,JG
65OMYAAXX,1,7978M,1pM,TTAGGC,DNA,TRUE,PE-F,JG
65OMYAAXX,1,7978 NonM,1pM,TGACCA,DNA,TRUE,PE-F,JG
65OMYAAXX,1,32450,1pM,ACAGTG,DNA,TRUE,PE-F,JG
65OMYAAXX,1,1559,1pM,GCCAAT,DNA,TRUE,PE-F,JG
65OMYAAXX,1,1878/10,1pM,CAGATC,DNA,TRUE,PE-F,JG
65OMYAAXX,1,9065/11,1pM,ACTTGA,DNA,TRUE,PE-F,JG
65OMYAAXX,1,9066/11,1pM,GATCAG,DNA,TRUE,PE-F,JG
65OMYAAXX,1,4033/08,1pM,TAGCTT,DNA,TRUE,PE-F,JG
65OMYAAXX,1,4034/08,1pM,GGCTAC,DNA,TRUE,PE-F,JG
65OMYAAXX,2,459/09,1pM,CTTGTA,DNA,FALSE,PE-F,JG
65OMYAAXX,2,460/09,1pM,AGTCAA,DNA,FALSE,PE-F,JG
65OMYAAXX,2,T4N1,1pM,AGTTCC,DNA,FALSE,PE-F,JG
65OMYAAXX,2,T4JH,1pM,ATGTCA,DNA,FALSE,PE-F,JG
65OMYAAXX,2,T4P2,1pM,CCGTCC,DNA,FALSE,PE-F,JG
65OMYAAXX,2,CP3,1pM,GTCCGC,DNA,FALSE,PE-F,JG
65OMYAAXX,2,UVB Contr,6pM,ACTTGA,RNA,FALSE,PE-F,JG
65OMYAAXX,3,CP4,1pM,GTGAAA,DNA,FALSE,PE-F,JG
65OMYAAXX,3,CP8,1pM,GTGGCC,DNA,FALSE,PE-F,JG
65OMYAAXX,3,CP9,1pM,GTTTCG,DNA,FALSE,PE-F,JG
65OMYAAXX,3,CP11,1pM,CGTACG,DNA,FALSE,PE-F,JG
65OMYAAXX,3,CP12,1pM,GAGTGG,DNA,FALSE,PE-F,JG
65OMYAAXX,3,03/3038M4,1pM,ACTGAT,DNA,FALSE,PE-F,JG
65OMYAAXX,3,UVB 3uMN4,6pM,ACTTGA,RNA,FALSE,PE-F,JG
65OMYAAXX,4,RK33,0.5pm,ATCACG,DNA,FALSE,PE-F,JG
65OMYAAXX,4,RK34,0.5pm,CGATGT,DNA,FALSE,PE-F,JG
65OMYAAXX,4,RK35,0.5pm,TTAGGC,DNA,FALSE,PE-F,JG
65OMYAAXX,4,RK36,0.5pm,TGACCA,DNA,FALSE,PE-F,JG
65OMYAAXX,4,RK37,0.5pm,ACAGTG,DNA,FALSE,PE-F,JG
65OMYAAXX,4,RK38,0.5pm,GCCAAT,DNA,FALSE,PE-F,JG
65OMYAAXX,4,RK39,0.5pm,CAGATC,DNA,FALSE,PE-F,JG
65OMYAAXX,4,RK40,0.5pm,ACTTGA,DNA,FALSE,PE-F,JG
65OMYAAXX,4,RK41,0.5pm,GATCAG,DNA,FALSE,PE-F,JG
65OMYAAXX,4,RK42,0.5pm,TAGCTT,DNA,FALSE,PE-F,JG
65OMYAAXX,4,RK43,0.5pm,GGCTAC,DNA,FALSE,PE-F,JG
65OMYAAXX,4,RK44,0.5pm,CTTGTA,DNA,FALSE,PE-F,JG
65OMYAAXX,4,RK45,0.5pm,AGTCAA,DNA,FALSE,PE-F,JG
65OMYAAXX,4,RK46,0.5pm,AGTTCC,DNA,FALSE,PE-F,JG
65OMYAAXX,4,RK47,0.5pm,ATGTCA,DNA,FALSE,PE-F,JG
65OMYAAXX,4,RK48,0.5pm,CCGTCC,DNA,FALSE,PE-F,JG
65OMYAAXX,4,RK49,0.5pm,GTCCGC,DNA,FALSE,PE-F,JG
65OMYAAXX,4,RK50,0.5pm,GTGAAA,DNA,FALSE,PE-F,JG
65OMYAAXX,4,RK51,0.5pm,GTGGCC,DNA,FALSE,PE-F,JG
65OMYAAXX,4,RK52,0.5pm,GTTTCG,DNA,FALSE,PE-F,JG
65OMYAAXX,4,RK53,0.5pm,CGTACG,DNA,FALSE,PE-F,JG
65OMYAAXX,4,RK54,0.5pm,GAGTGG,DNA,FALSE,PE-F,JG
65OMYAAXX,4,RK55,0.5pm,ACTGAT,DNA,FALSE,PE-F,JG
65OMYAAXX,4,RK56,0.5pm,ATTCCT,DNA,FALSE,PE-F,JG
65OMYAAXX,5,RK57,0.52pm,ATCACG,DNA,FALSE,PE-F,JG
65OMYAAXX,5,RK58,0.52pm,CGATGT,DNA,FALSE,PE-F,JG
65OMYAAXX,5,RK59,0.52pm,TTAGGC,DNA,FALSE,PE-F,JG
65OMYAAXX,5,RK60,0.52pm,TGACCA,DNA,FALSE,PE-F,JG
65OMYAAXX,5,RK61,0.52pm,ACAGTG,DNA,FALSE,PE-F,JG
65OMYAAXX,5,RK62,0.52pm,GCCAAT,DNA,FALSE,PE-F,JG
65OMYAAXX,5,RK63,0.52pm,CAGATC,DNA,FALSE,PE-F,JG
65OMYAAXX,5,RK64,0.52pm,ACTTGA,DNA,FALSE,PE-F,JG
65OMYAAXX,5,RK65,0.52pm,GATCAG,DNA,FALSE,PE-F,JG
65OMYAAXX,5,RK66,0.52pm,TAGCTT,DNA,FALSE,PE-F,JG
65OMYAAXX,5,RK67,0.52pm,GGCTAC,DNA,FALSE,PE-F,JG
65OMYAAXX,5,RK68,0.52pm,CTTGTA,DNA,FALSE,PE-F,JG
65OMYAAXX,5,RK69,0.52pm,AGTTCC,DNA,FALSE,PE-F,JG
65OMYAAXX,5,RK70,0.52pm,ATGTCA,DNA,FALSE,PE-F,JG
65OMYAAXX,5,RK71,0.52pm,CCGTCC,DNA,FALSE,PE-F,JG
65OMYAAXX,5,RK72,0.52pm,GTCCGC,DNA,FALSE,PE-F,JG
65OMYAAXX,5,RK73,0.52pm,GTGAAA,DNA,FALSE,PE-F,JG
65OMYAAXX,5,RK74,0.52pm,GTGGCC,DNA,FALSE,PE-F,JG
65OMYAAXX,5,RK75,0.52pm,GTTTCG,DNA,FALSE,PE-F,JG
65OMYAAXX,5,RK76,0.52pm,CGTACG,DNA,FALSE,PE-F,JG
65OMYAAXX,5,RK77,0.52pm,GAGTGG,DNA,FALSE,PE-F,JG
65OMYAAXX,5,RK78,0.52pm,ACTGAT,DNA,FALSE,PE-F,JG
65OMYAAXX,5,RK79,0.52pm,ATTCCT,DNA,FALSE,PE-F,JG
65OMYAAXX,6,RK80,0.52pm,ATCACG,DNA,FALSE,PE-F,JG
65OMYAAXX,6,RK81,0.52pm,CGATGT,DNA,FALSE,PE-F,JG
65OMYAAXX,6,RK82,0.52pm,TTAGGC,DNA,FALSE,PE-F,JG
65OMYAAXX,6,RK83,0.52pm,TGACCA,DNA,FALSE,PE-F,JG
65OMYAAXX,6,RK84,0.52pm,ACAGTG,DNA,FALSE,PE-F,JG
65OMYAAXX,6,RK85,0.52pm,GCCAAT,DNA,FALSE,PE-F,JG
65OMYAAXX,6,RK86,0.52pm,CAGATC,DNA,FALSE,PE-F,JG
65OMYAAXX,6,RK87,0.52pm,ACTTGA,DNA,FALSE,PE-F,JG
65OMYAAXX,6,RK88,0.52pm,GATCAG,DNA,FALSE,PE-F,JG
65OMYAAXX,6,RK89,0.52pm,TAGCTT,DNA,FALSE,PE-F,JG
65OMYAAXX,6,RK90,0.52pm,GGCTAC,DNA,FALSE,PE-F,JG
65OMYAAXX,6,RK91,0.52pm,CTTGTA,DNA,FALSE,PE-F,JG
65OMYAAXX,6,RK92,0.52pm,AGTCAA,DNA,FALSE,PE-F,JG
65OMYAAXX,6,RK93,0.52pm,AGTTCC,DNA,FALSE,PE-F,JG
65OMYAAXX,6,RK94,0.52pm,ATGTCA,DNA,FALSE,PE-F,JG
65OMYAAXX,6,RK95,0.52pm,CCGTCC,DNA,FALSE,PE-F,JG
65OMYAAXX,6,RK96,0.52pm,GTCCGC,DNA,FALSE,PE-F,JG
65OMYAAXX,6,RK97,0.52pm,GTGAAA,DNA,FALSE,PE-F,JG
65OMYAAXX,6,RK98,0.52pm,GTGGCC,DNA,FALSE,PE-F,JG
65OMYAAXX,6,RK99,0.52pm,GTTTCG,DNA,FALSE,PE-F,JG
65OMYAAXX,6,RK100,0.52pm,CGTACG,DNA,FALSE,PE-F,JG
65OMYAAXX,6,RK101,0.52pm,GAGTGG,DNA,FALSE,PE-F,JG
65OMYAAXX,6,RK102,0.52pm,ACTGAT,DNA,FALSE,PE-F,JG
65OMYAAXX,7,RK103,0.52pm,ATCACG,DNA,FALSE,PE-F,JG
65OMYAAXX,7,RK104,0.52pm,CGATGT,DNA,FALSE,PE-F,JG
65OMYAAXX,7,RK105,0.52pm,TTAGGC,DNA,FALSE,PE-F,JG
65OMYAAXX,7,RK106,0.52pm,TGACCA,DNA,FALSE,PE-F,JG
65OMYAAXX,7,RK107,0.52pm,ACAGTG,DNA,FALSE,PE-F,JG
65OMYAAXX,7,RK108,0.52pm,GCCAAT,DNA,FALSE,PE-F,JG
65OMYAAXX,7,RK109,0.52pm,CAGATC,DNA,FALSE,PE-F,JG
65OMYAAXX,7,RK110,0.52pm,ACTTGA,DNA,FALSE,PE-F,JG
65OMYAAXX,7,RK111,0.52pm,GATCAG,DNA,FALSE,PE-F,JG
65OMYAAXX,7,RK112,0.52pm,TAGCTT,DNA,FALSE,PE-F,JG
65OMYAAXX,7,RK113,0.52pm,GGCTAC,DNA,FALSE,PE-F,JG
65OMYAAXX,7,RK114,0.52pm,CTTGTA,DNA,FALSE,PE-F,JG
65OMYAAXX,7,RK115,0.52pm,AGTCAA,DNA,FALSE,PE-F,JG
65OMYAAXX,7,RK116,0.52pm,AGTTCC,DNA,FALSE,PE-F,JG
65OMYAAXX,7,RK117,0.52pm,ATGTCA,DNA,FALSE,PE-F,JG
65OMYAAXX,7,RK118,0.52pm,CCGTCC,DNA,FALSE,PE-F,JG
65OMYAAXX,7,RK119,0.52pm,GTCCGC,DNA,FALSE,PE-F,JG
65OMYAAXX,7,RK120,0.52pm,GTGAAA,DNA,FALSE,PE-F,JG
65OMYAAXX,7,RK121,0.52pm,GTGGCC,DNA,FALSE,PE-F,JG
65OMYAAXX,7,RK122,0.52pm,GTTTCG,DNA,FALSE,PE-F,JG
65OMYAAXX,7,RK123,0.52pm,GAGTGG,DNA,FALSE,PE-F,JG
65OMYAAXX,7,RK124,0.52pm,ACTGAT,DNA,FALSE,PE-F,JG
65OMYAAXX,7,RK125,0.52pm,ATTCCT,DNA,FALSE,PE-F,JG
65OMYAAXX,8,RK126,0.52pm,ATCACG,DNA,FALSE,PE-F,JG
65OMYAAXX,8,RK127,0.52pm,CGATGT,DNA,FALSE,PE-F,JG
65OMYAAXX,8,RK128,0.52pm,TTAGGC,DNA,FALSE,PE-F,JG
65OMYAAXX,8,RK130,0.52pm,TGACCA,DNA,FALSE,PE-F,JG
65OMYAAXX,8,RK131,0.52pm,ACAGTG,DNA,FALSE,PE-F,JG
65OMYAAXX,8,RK132,0.52pm,GCCAAT,DNA,FALSE,PE-F,JG
65OMYAAXX,8,RK133,0.52pm,CAGATC,DNA,FALSE,PE-F,JG
65OMYAAXX,8,RK134,0.52pm,ACTTGA,DNA,FALSE,PE-F,JG
65OMYAAXX,8,RK135,0.52pm,GATCAG,DNA,FALSE,PE-F,JG
65OMYAAXX,8,RK136,0.52pm,TAGCTT,DNA,FALSE,PE-F,JG
65OMYAAXX,8,RK137,0.52pm,GGCTAC,DNA,FALSE,PE-F,JG
65OMYAAXX,8,RK138,0.52pm,CTTGTA,DNA,FALSE,PE-F,JG
65OMYAAXX,8,RK139,0.52pm,AGTCAA,DNA,FALSE,PE-F,JG
65OMYAAXX,8,RK140,0.52pm,AGTTCC,DNA,FALSE,PE-F,JG
65OMYAAXX,8,RK141,0.52pm,ATGTCA,DNA,FALSE,PE-F,JG
65OMYAAXX,8,RK142,0.52pm,CCGTCC,DNA,FALSE,PE-F,JG
65OMYAAXX,8,RK143,0.52pm,GTCCGC,DNA,FALSE,PE-F,JG
65OMYAAXX,8,RK144,0.52pm,GTGAAA,DNA,FALSE,PE-F,JG
65OMYAAXX,8,RK145,0.52pm,GTGGCC,DNA,FALSE,PE-F,JG
65OMYAAXX,8,RK146,0.52pm,GTTTCG,DNA,FALSE,PE-F,JG
65OMYAAXX,8,RK147,0.52pm,GAGTGG,DNA,FALSE,PE-F,JG
65OMYAAXX,8,RK148,0.52pm,ACTGAT,DNA,FALSE,PE-F,JG
65OMYAAXX,8,RK149,0.52pm,ATTCCT,DNA,FALSE,PE-F,JG
