FCID,Lane,SampleID,SampleRef,Index,Description,Control,Recipe,Operator
"64MD9AAXX",2,"JH_TT_13","12pM","ATCACG","RNA","N","PE-F","JG"
"64MD9AAXX",2,"JH_TT_14","12pM","CGATGT","RNA","N","PF-F","JG"
"64MD9AAXX",2,"JH_TT_15","12pM","TTAGGC","RNA","N","PE-F","JG"
"64MD9AAXX",2,"JH_TT_16","12pM","TGACCA","RNA","N","PE-F","JG"
"64MD9AAXX",2,"JH_TT_17","12pM","ACAGTG","RNA","N","PE-F","JG"
"64MD9AAXX",2,"JH_TT_18","12pM","GCCAAT","RNA","N","PE-F","JG"
"64MD9AAXX",2,"JH_TT_19","12pM","CAGATC","RNA","N","PE-F","JG"
"64MD9AAXX",2,"JH_TT_20","12pM","ACTTGA","RNA","N","PE-F","JG"
"64MD9AAXX",2,"JH_TT_21","12pM","GATCAG","RNA","N","PE-F","JG"
"64MD9AAXX",2,"JH_TT_22","12pM","TAGCTT","RNA","N","PE-F","JG"
"64MD9AAXX",2,"JH_TT_23","12pM","GGCTAC","RNA","N","PE-F","JG"
"64MD9AAXX",2,"JH_TT_24","12pM","CTTGTA","RNA","N","PE-F","JG" 
"64MD9AAXX",3,"SJA1","12pM","ATCACG","RNA","N","PF-F","JG"
"64MD9AAXX",3,"SJA2","12pM","TTAGGC","RNA","N","PE-F","JG"
"64MD9AAXX",4,"SJA3","12pM","ACTTGA","RNA","N","PE-F","JG"
"64MD9AAXX",4,"SJA4","12pM","GATCAG","RNA","N","PE-F","JG"
"64MD9AAXX",5,"SJA5","12pM","TAGCTT","RNA","N","PE-F","JG"
"64MD9AAXX",5,"SJA6","12pM","GGCTAC","RNA","N","PE-F","JG"
"64MD9AAXX",6,"MW3","12pM","ATCACG","DNA","N","PF-F","JG"
"64MD9AAXX",6,"MW12","12pM","CGATGT","DNA","N","PF-F","JG"
"64MD9AAXX",6,"MW16","12pM","TTAGGC","DNA","N","PE-F","JG"
"64MD9AAXX",6,"MW23","12pM","TGACCA","DNA","N","PE-F","JG"
"64MD9AAXX",6,"MW24","12pM","ACAGTG","DNA","N","PE-F","JG"
"64MD9AAXX",6,"MW26","12pM","GCCAAT","DNA","N","PE-F","JG"
"64MD9AAXX",6,"MW36","12pM","CAGATC","DNA","N","PE-F","JG"
"64MD9AAXX",6,"MW44","12pM","ACTTGA","DNA","N","PE-F","JG"
"64MD9AAXX",6,"MW83","12pM","GATCAG","DNA","N","PE-F","JG"
"64MD9AAXX",6,"MW102","12pM","TAGCTT","DNA","N","PE-F","JG"
"64MD9AAXX",6,"MW114","12pM","GGCTAC","DNA","N","PE-F","JG"
"64MD9AAXX",6,"MW150","12pM","CTTGTA","DNA","N","PE-F","JG"
"64MD9AAXX",6,"MW11","12pM","AGTCAA","DNA","N","PE-F","JG"
"64MD9AAXX",7,"Niks HPV16 RZ","12pM","ACTTGA","RNA","N","PE-F","JG"
"64MD9AAXX",7,"Niks HPV16 Dnase","12pM","GATCAG","RNA","N","PE-F","JG"
"64MD9AAXX",8,"LBC1146 RZ","12pM","TAGCTT","RNA","N","PE-F","JG"
"64MD9AAXX",8,"LBC1158 RZ","12pM","GGCTAC","RNA","N","PE-F","JG"
